"http://img.muji.com.cn/img/item/4547315829262_400.jpg","","保暖纤维动物靠垫/鹿","http://www.muji.com.cn/cn/store/goods/4547315829262","100"
"http://img.muji.com.cn/img/item/4547315829279_400.jpg","","保暖纤维动物靠垫/猴子","http://www.muji.com.cn/cn/store/goods/4547315829279","100"
"http://img.muji.com.cn/img/item/4547315829286_400.jpg","","保暖纤维动物靠垫/松鼠","http://www.muji.com.cn/cn/store/goods/4547315829286","100"
"/jp/gift/img/item/140818_028.jpg","使用了吸湿发热棉的膝盖毯。附带收纳袋，能够紧凑地收纳，携带方便。","便携膝盖毯 70×110cm / 绿色格纹","http://www.muji.com.cn/cn/store/goods/4547315829507","300"
"","","便携膝盖毯 70×110cm / 橘色格纹","http://www.muji.com.cn/cn/store/goods/4547315829491","300"
"","","便携膝盖毯 70×110cm / 灰色格纹","http://www.muji.com.cn/cn/store/goods/4547315829514","300"
"","","便携膝盖毯 70×110cm / 海军蓝格纹","http://www.muji.com.cn/cn/store/goods/4547315829521","300"
"http://img.muji.com.cn/img/item/4547315830435_03_400.jpg","","棉天竺家居鞋 M 23.5-25cm用 / 炭灰色","http://www.muji.com.cn/cn/store/goods/4547315830435","120"
"","","棉天竺家居鞋 L 25-26.5cm用 / 炭灰色","http://www.muji.com.cn/cn/store/goods/4547315830442","120"
"http://img.muji.com.cn/img/item/4547315830466_03_400.jpg","","棉天竺家居鞋 M 23.5-25cm用 / 浅棕色","http://www.muji.com.cn/cn/store/goods/4547315830466","120"
"","","棉天竺家居鞋 L 25-26.5cm用 / 浅棕色","http://www.muji.com.cn/cn/store/goods/4547315830473","120"
"http://img.muji.com.cn/img/item/4547315831845_03_400.jpg","","保暖纤维珠地网眼家居鞋 L 25-26.5cm用 / 米色","http://www.muji.com.cn/cn/store/goods/4547315831845","120"
"http://img.muji.com.cn/img/item/4547315831869_03_400.jpg","","保暖纤维珠地网眼家居鞋 M 23.5-25cm用 / 棕色","http://www.muji.com.cn/cn/store/goods/4547315831869","120"
"","","保暖纤维珠地网眼家居鞋 L 25-26.5cm用 / 棕色","http://www.muji.com.cn/cn/store/goods/4547315831876","120"
"http://img.muji.com.cn/img/item/4547315831906_03_400.jpg","","保暖纤维珠地网眼家居鞋 L 25-26.5cm用 / 海军蓝","http://www.muji.com.cn/cn/store/goods/4547315831906","120"
"http://img.muji.com.cn/img/item/4547315830060_03_400.jpg","","保暖纤维珠地网眼柔软拖鞋 M 23.5-25cm用 / 米色","http://www.muji.com.cn/cn/store/goods/4547315830060","100"
"","","保暖纤维珠地网眼柔软拖鞋 L 25-26.5cm用 / 米色","http://www.muji.com.cn/cn/store/goods/4547315830077","100"
"http://img.muji.com.cn/img/item/4547315830091_03_400.jpg","","保暖纤维珠地网眼柔软拖鞋 M 23.5-25cm用 / 棕色","http://www.muji.com.cn/cn/store/goods/4547315830091","100"
"","","保暖纤维珠地网眼柔软拖鞋 L 25-26.5cm用 / 棕色","http://www.muji.com.cn/cn/store/goods/4547315830107","100"
"http://img.muji.com.cn/img/item/4548076586760_400.jpg","","混羊毛平底家居鞋 M 23.5-25cm用 / 红色格纹","http://www.muji.com.cn/cn/store/goods/4548076586760","180"
"http://img.muji.com.cn/img/item/4547315829910_03_400.jpg","如同穿惯了的法兰绒衬衫。这是一款考虑到穿着感的富有弹性的拖鞋。","棉法兰绒弹力拖鞋 M 23.5-25cm用 / 橘色格纹","http://www.muji.com.cn/cn/store/goods/4547315829910","120"
"","","棉法兰绒弹力拖鞋 L 25-26.5cm用 / 橘色格纹","http://www.muji.com.cn/cn/store/goods/4547315829927","120"
"http://img.muji.com.cn/img/item/4547315829941_03_400.jpg","如同穿惯了的法兰绒衬衫。这是一款考虑到穿着感的富有弹性的拖鞋。","棉法兰绒弹力拖鞋 M 23.5-25cm用 / 绿色格纹","http://www.muji.com.cn/cn/store/goods/4547315829941","120"
"","","棉法兰绒弹力拖鞋 L 25-26.5cm用 / 绿色格纹","http://www.muji.com.cn/cn/store/goods/4547315829958","120"
"http://img.muji.com.cn/img/item/4547315829798_400.jpg","","新疆棉天竺弹力拖鞋 M 23.5-25cm用 / 炭灰色条纹","http://www.muji.com.cn/cn/store/goods/4547315829798","120"
"","","新疆棉天竺弹力拖鞋 L 25-26.5cm用 / 炭灰色条纹","http://www.muji.com.cn/cn/store/goods/4547315829804","120"
"http://img.muji.com.cn/img/item/4547315829828_03_400.jpg","","新疆棉天竺弹力拖鞋 M 23.5-25cm用 / 绿色条纹","http://www.muji.com.cn/cn/store/goods/4547315829828","120"
"http://img.muji.com.cn/img/item/4547315829859_400.jpg","使用干爽的棉料。拖鞋具有弹性，充分考虑了脚的舒适度。","棉平纹弹力拖鞋 M 23.5-25cm用 / 蓝色格纹","http://www.muji.com.cn/cn/store/goods/4547315829859","120"
"","","棉平纹弹力拖鞋 L 25-26.5cm用 / 蓝色格纹","http://www.muji.com.cn/cn/store/goods/4547315829866","120"
"http://img.muji.com.cn/img/item/4934761684307_02_400.jpg","触感良好，使用了平纹原料。拖鞋具有弹性，充分考虑了脚的舒适度。","新疆棉天竺弹力拖鞋 M 23.5-25cm用 / 浅棕色条纹","http://www.muji.com.cn/cn/store/goods/4934761684307","120"
"","","新疆棉天竺弹力拖鞋 L 25-26.5cm用 / 浅棕色条纹","http://www.muji.com.cn/cn/store/goods/4934761684314","120"
"http://img.muji.com.cn/img/item/4934761685120_02_400.jpg","使用干爽的棉料。拖鞋具有弹性，充分考虑了脚的舒适度。","棉平纹弹力拖鞋 M 23.5-25cm用 / 棕色格纹","http://www.muji.com.cn/cn/store/goods/4934761685120","120"
"","","棉平纹弹力拖鞋 L 25-26.5cm用 / 棕色格纹","http://www.muji.com.cn/cn/store/goods/4934761685137","120"
"http://img.muji.com.cn/img/item/4547315905829_03_400.jpg","","含落棉弹力拖鞋 M 23.5-25cm用 / 米色","http://www.muji.com.cn/cn/store/goods/4547315905829","50"
"","","含落棉弹力拖鞋 L 25-26.5cm用 / 米色","http://www.muji.com.cn/cn/store/goods/4547315905836","50"
"http://img.muji.com.cn/img/item/4547315905850_03_400.jpg","","含落棉弹力拖鞋 M 23.5-25cm用 / 深棕色","http://www.muji.com.cn/cn/store/goods/4547315905850","50"
"","","含落棉弹力拖鞋 L 25-26.5cm用 / 深棕色","http://www.muji.com.cn/cn/store/goods/4547315905867","50"
"http://img.muji.com.cn/img/item/4547315831074_400.jpg","为了破旧之后可重复利用，在编制方法上下了功夫。沿线剪开就可以当成浴室防滑垫或抹布。","柔软浴巾 70×140cm / 橘色","http://www.muji.com.cn/cn/store/goods/4547315831074","148"
"http://img.muji.com.cn/img/item/4547315831067_400.jpg","为了破旧之后可重复利用，在编制方法上下了功夫。沿线剪开就可以当成浴室防滑垫或抹布。","柔软浴巾 70×140cm / 绿色","http://www.muji.com.cn/cn/store/goods/4547315831067","148"
"http://img.muji.com.cn/img/item/4547315831029_400.jpg","使用超长棉制作了柔软而软和的毛巾。","柔软面巾 34×85cm / 橘色","http://www.muji.com.cn/cn/store/goods/4547315831029","52"
"http://img.muji.com.cn/img/item/4547315831012_400.jpg","使用超长棉制作了柔软而软和的毛巾。","柔软面巾 34×85cm / 绿色","http://www.muji.com.cn/cn/store/goods/4547315831012","52"
"http://img.muji.net/img/item/4547315832491_400.jpg","采用了真正的风箱方式的布谷鸟钟。带明暗传感器，在暗处不会鸣叫。","郭公报时挂钟 ","http://www.muji.com.cn/cn/store/goods/4934761734736","525"
"/jp/gift/img/item/4547315823178_4547315823185.jpg","","木制圣诞树 大","http://www.muji.com.cn/cn/store/goods/4547315823178","212"
"","","木制圣诞树 小","http://www.muji.com.cn/cn/store/goods/4547315823185","159"
"/jp/gift/img/item/4547315823192_4547315823208.jpg","","毛毡圣诞树 大 / 绿色","http://www.muji.com.cn/cn/store/goods/4547315823192","159"
"","","毛毡圣诞树 小 / 绿色","http://www.muji.com.cn/cn/store/goods/4547315823208","127"
"http://img.muji.com.cn/img/item/4547315823253_400.jpg","","亚克力圣诞树 小 / 白色","http://www.muji.com.cn/cn/store/goods/4547315823253","127"
"http://img.muji.com.cn/img/item/4547315823260_400.jpg","","亚克力圣诞树 小 / 紅色","http://www.muji.com.cn/cn/store/goods/4547315823260","127"
"http://img.muji.com.cn/img/item/4547315823277_400.jpg","","亚克力驯鹿 / 白色","http://www.muji.com.cn/cn/store/goods/4547315823277","64"
"http://img.muji.com.cn/img/item/4547315823284_400.jpg","","亚克力驯鹿 / 紅色","http://www.muji.com.cn/cn/store/goods/4547315823284","64"
"/jp/gift/img/item/_1130914.jpg","","羊毛毛毡动物 驴","http://www.muji.com.cn/cn/store/goods/4547315823321","127"
"http://img.muji.com.cn/img/item/4547315823338_04_400.jpg","","羊毛毛毡动物 羊","http://www.muji.com.cn/cn/store/goods/4547315823338","127"
"http://img.muji.com.cn/img/item/4547315823352_400.jpg","","再生纸立体拼图 恐龙","http://www.muji.com.cn/cn/store/goods/4547315823352","85"
"http://img.muji.com.cn/img/item/4547315823369_400.jpg","","再生纸立体拼图 船","http://www.muji.com.cn/cn/store/goods/4547315823369","85"
"http://img.muji.com.cn/img/item/4547315823376_400.jpg","","再生纸立体拼图 盔","http://www.muji.com.cn/cn/store/goods/4547315823376","85"
"http://img.muji.com.cn/img/item/4547315823390_400.jpg","","再生纸立体拼图 甲","http://www.muji.com.cn/cn/store/goods/4547315823390","85"
"http://img.muji.com.cn/img/item/4547315823406_400.jpg","","再生纸立体拼图 日本城堡","http://www.muji.com.cn/cn/store/goods/4547315823406","85"
"http://img.muji.com.cn/img/item/4547315823413_400.jpg","","再生纸立体拼图 西洋城堡","http://www.muji.com.cn/cn/store/goods/4547315823413","85"
"http://img.muji.com.cn/img/item/4547315823420_400.jpg","","再生纸立体拼图 猩猩","http://www.muji.com.cn/cn/store/goods/4547315823420","106"
"http://img.muji.com.cn/img/item/4547315823437_400.jpg","","再生纸立体拼图 猫头鹰","http://www.muji.com.cn/cn/store/goods/4547315823437","106"
"http://img.muji.com.cn/img/item/4547315823444_400.jpg","","再生纸立体拼图 长毛象","http://www.muji.com.cn/cn/store/goods/4547315823444","106"
"http://img.muji.com.cn/img/item/4547315823451_400.jpg","","再生纸立体拼图 汽车","http://www.muji.com.cn/cn/store/goods/4547315823451","85"
"http://img.muji.com.cn/img/item/4547315823468_400.jpg","","木制保龄球_IN_A_BAG_相扑","http://www.muji.com.cn/cn/store/goods/4547315823468","212"
"/jp/gift/img/item/140818_016.jpg","","印章套件 雪花","http://www.muji.com.cn/cn/store/goods/4547315823482","127"
"","","印章套件 日本的传统图案","http://www.muji.com.cn/cn/store/goods/4547315823505","127"
"","","印章套件 日本的图案","http://www.muji.com.cn/cn/store/goods/4547315823536","127"
"","","印章套件 拉丁字母","http://www.muji.com.cn/cn/store/goods/4547315823529","159"
"http://img.muji.com.cn/img/item/4547315823581_02_400.jpg","","磁石 万年历","http://www.muji.com.cn/cn/store/goods/4547315823581","106"
"http://img.muji.com.cn/img/item/4547315823604_400.jpg","","木制太阳系","http://www.muji.com.cn/cn/store/goods/4547315823604","212"
"http://img.muji.com.cn/img/item/4547315823628_02_400.jpg","","彩色印花纸套件","http://www.muji.com.cn/cn/store/goods/4547315823628","27"
"http://img.muji.com.cn/img/item/4547315823635_400.jpg","","附带折法的折纸套装(圣诞节)","http://www.muji.com.cn/cn/store/goods/4547315823635","27"
"http://img.muji.com.cn/img/item/4547315823642_400.jpg","","附带折法的折纸套装(动物)","http://www.muji.com.cn/cn/store/goods/4547315823642","27"
"http://img.muji.com.cn/img/item/4547315823659_400.jpg","","附带折法的折纸套装(鸟)","http://www.muji.com.cn/cn/store/goods/4547315823659","27"
"http://img.muji.com.cn/img/item/4547315823932_400.jpg","","T恤衫布制玩偶 猴子","http://www.muji.com.cn/cn/store/goods/4547315823932","252"
"http://img.muji.com.cn/img/item/4547315823949_400.jpg","","T恤衫布制玩偶 兔子","http://www.muji.com.cn/cn/store/goods/4547315823949","252"
"http://img.muji.com.cn/img/item/4934761845043_400.jpg","","水性彩色笔套装","http://www.muji.com.cn/cn/store/goods/4934761845043","200"
"http://img.muji.com.cn/img/item/4549337447561_400.jpg","贴紧手型的立体编织机编织的触摸屏手套。支持拇指・食指・中指。","触摸屏手套","http://www.muji.com.cn/cn/store/goods/4549337447547","178"
"http://img.muji.com.cn/img/item/4549337552906_400.jpg","","色块触摸屏手套","http://www.muji.com.cn/cn/store/goods/4549337468511","178"
"/jp/gift/img/item/140818_019.jpg","","条纹触摸屏手套","http://www.muji.com.cn/cn/store/goods/4549337447646","178"
"http://img.muji.com.cn/img/item/4549337447714_400.jpg","","5指感应触摸屏手套","http://www.muji.com.cn/cn/store/goods/4549337447684","178"
"http://img.muji.com.cn/img/item/4549337568051_400.jpg","","雪花图案触摸屏手套","http://www.muji.com.cn/cn/store/goods/4549337568037","178"
"http://img.muji.com.cn/img/item/4549337447721_400.jpg","","毛圈花式线手套","http://www.muji.com.cn/cn/store/goods/4549337447721","88"
"http://img.muji.com.cn/img/item/4549337403659_400.jpg","","可作连指手套的半指手套 Ｌ","http://www.muji.com.cn/cn/store/goods/4549337403659","178"
"","","可作连指手套的半指手套 M","http://www.muji.com.cn/cn/store/goods/4549337403727","178"
"http://img.muji.com.cn/img/item/4549337447400_400.jpg","","抓绒触摸屏手套 Ｌ","http://www.muji.com.cn/cn/store/goods/4549337447400","178"
"","","抓绒触摸屏手套 M","http://www.muji.com.cn/cn/store/goods/4549337447455","178"
"http://img.muji.com.cn/img/item/4549337447189_400.jpg","从后面穿戴，不容易弄乱发型，可以与帽子并用。同时还被设计成可进行大小号码调节的样式。","可调节尺寸可从后面戴的耳罩","http://www.muji.com.cn/cn/store/goods/4549337447172","178"
"http://img.muji.com.cn/img/item/4549337468450_400.jpg","从后面穿戴，不容易弄乱发型，可以与帽子并用。同时还被设计成可进行大小号码调节的样式。","可调节尺寸可从后面戴的耳罩","http://www.muji.com.cn/cn/store/goods/4549337447233","178"
"http://img.muji.com.cn/img/item/4549337447301_400.jpg","从后面穿戴，不容易弄乱发型，可以与帽子并用。同时还被设计成可进行大小号码调节的样式。","可调节尺寸可从后面戴的耳罩","http://www.muji.com.cn/cn/store/goods/4549337447271","178"
"http://img.muji.com.cn/img/item/4549337447318_02_400.jpg","","可调节尺寸可从后面戴的耳罩","http://www.muji.com.cn/cn/store/goods/4549337447318","178"
"http://img.muji.com.cn/img/item/4549337448322_400.jpg","","羊毛编织图案围巾","http://www.muji.com.cn/cn/store/goods/4549337448308","88"
"/jp/gift/img/item/140818_026.jpg","","羊毛编织围巾","http://www.muji.com.cn/cn/store/goods/4549337448360","148"
"http://img.muji.com.cn/img/item/4549337448254_400.jpg","","羊毛罗纹围巾","http://www.muji.com.cn/cn/store/goods/4549337448216","278"
"http://img.muji.com.cn/img/item/4549337431584_400.jpg","为了提高鞋底反弹，在侧面缝了有弹性的橡胶鞋底","侧缝线长毛绒靴子","http://www.muji.com.cn/cn/store/goods/4549337431553","278"
"http://img.muji.com.cn/img/item/4547315823666_400.jpg","","针织·暖手袋 红色","http://www.muji.com.cn/cn/store/goods/4547315823666","64"
"http://img.muji.com.cn/img/item/4547315823697_400.jpg","","针织·暖手袋 藏青色","http://www.muji.com.cn/cn/store/goods/4547315823697","64"
"http://img.muji.com.cn/img/item/4547315823840_400.jpg","","弹出卡 圣诞老人来到城镇","http://www.muji.com.cn/cn/store/goods/4547315823840","85"
"http://img.muji.com.cn/img/item/4547315823857_400.jpg","","弹出卡 驯鹿","http://www.muji.com.cn/cn/store/goods/4547315823857","85"
"http://img.muji.com.cn/img/item/4547315823864_400.jpg","","弹出卡 旋转木马","http://www.muji.com.cn/cn/store/goods/4547315823864","85"
"http://img.muji.com.cn/img/item/4547315823871_400.jpg","","弹出卡 圣诞老人来到我家","http://www.muji.com.cn/cn/store/goods/4547315823871","85"
"http://img.muji.com.cn/img/item/4547315823888_400.jpg","","弹出卡 猩猩木","http://www.muji.com.cn/cn/store/goods/4547315823888","64"
"http://img.muji.com.cn/img/item/4547315823895_400.jpg","","弹出卡 雪花","http://www.muji.com.cn/cn/store/goods/4547315823895","64"
"/jp/gift/img/item/2014_09_17_43009.jpg","雾气可通过超声波扩散、使您陶醉于光与雾气的旋律。为了更加方便您的使用，对式样进行过改良。","超声波香薰机","http://www.muji.com.cn/cn/store/goods/4548718920136","448"
"","","超声波香薰机","http://www.muji.com.cn/cn/store/goods/4547315252787","448"
"","","大容量超声波香薰机","http://www.muji.com.cn/cn/store/goods/4934761703664","648"
"","","大容量超声波香薰机","http://www.muji.com.cn/cn/store/goods/4548076465607","648"
"http://img.muji.com.cn/img/item/4548076524151_06_400.jpg","通过超声波产生的烟雾会有效地扩散香味。办公室、办公桌、入口等处也能便于使用的紧凑型尺寸。有专用袋子。","小型超声波香薰机","http://www.muji.com.cn/cn/store/goods/4548076524151","348"
"http://img.muji.com.cn/img/item/4547315822614_400.jpg","","法兰绒格伦格子呢箱型包 约10×16×7cm / 灰色","http://www.muji.com.cn/cn/store/goods/4547315822614","100"
"http://img.muji.com.cn/img/item/4547315822621_400.jpg","","法兰绒格伦格子呢箱型包 约10×16×7cm / 蓝色","http://www.muji.com.cn/cn/store/goods/4547315822621","100"
"http://img.muji.com.cn/img/item/4547315822645_400.jpg","","法兰绒格伦格子呢托特型包 约12.5×23×8cm / 灰色","http://www.muji.com.cn/cn/store/goods/4547315822645","100"
"http://img.muji.com.cn/img/item/4547315822652_400.jpg","","法兰绒格伦格子呢托特型包 约12.5×23×8cm / 蓝色","http://www.muji.com.cn/cn/store/goods/4547315822652","100"
"http://img.muji.com.cn/img/item/4547315839865_400.jpg","","法兰绒格伦格子呢平型盒 大 约19×25cm / 灰色","http://www.muji.com.cn/cn/store/goods/4547315839865","70"
"http://img.muji.com.cn/img/item/4547315839872_400.jpg","","法兰绒格伦格子呢平型盒 大 约19×25cm / 蓝色","http://www.muji.com.cn/cn/store/goods/4547315839872","70"
"http://img.muji.com.cn/img/item/4547315839889_400.jpg","","法兰绒格伦格子呢平型盒 小 约14×19cm / 灰色","http://www.muji.com.cn/cn/store/goods/4547315839889","60"
"http://img.muji.com.cn/img/item/4547315839896_400.jpg","","法兰绒格伦格子呢平型盒 小 约14×19cm / 蓝色","http://www.muji.com.cn/cn/store/goods/4547315839896","60"
